CustomerID,Age,Gender,ContractType,MonthlyCharges,TotalSpent,DevicesConnected,SupportCalls,Churn
1,56,Male,One Year,96.0289823122135,1249.1108742483925,4,5,0
2,69,Female,Two Year,33.7109705728999,1570.0745192606332,1,7,0
3,46,Male,Two Year,73.53101314525917,1790.2703432841868,4,9,1
4,32,Female,One Year,41.52018720172375,492.4529040860657,2,0,1
5,60,Male,Two Year,21.212077464389328,594.571244394831,2,3,0
6,25,Male,One Year,44.12014575995415,371.2110705426919,5,9,0
7,38,Female,Month-to-Month,117.58737549100537,882.9900704465093,4,0,1
8,56,Male,One Year,100.15371118829896,1233.1791872231672,5,8,0
9,36,Male,Month-to-Month,115.95766443210334,1493.667258294551,3,6,1
10,40,Male,Two Year,68.78540439263625,962.0244881787386,2,6,1
11,28,Male,Two Year,30.97361986775035,840.076238372578,5,4,0
12,28,Male,Month-to-Month,74.7959488973693,1075.8789961243701,3,6,0
13,41,Male,Two Year,65.4377334559961,582.4285491849885,5,1,0
14,70,Female,One Year,104.4357082739616,2044.7693608473867,4,3,1
15,53,Male,Month-to-Month,29.80825807842446,196.16948644097067,4,6,1
16,57,Male,Two Year,68.82411370217781,1092.3702894478622,4,2,0
17,41,Female,Month-to-Month,35.00486646939842,2011.8031096148197,4,1,1
18,20,Female,One Year,52.467592689006,1003.3999222799989,1,9,1
19,39,Female,One Year,93.73570773877996,904.9804824992527,3,1,1
20,70,Female,Two Year,67.60181293687666,821.2772885947863,3,0,0
21,19,Female,One Year,57.58882851457693,909.8041591187961,4,4,1
22,41,Female,Month-to-Month,59.44762785700353,1686.4242373382651,1,5,0
23,61,Female,One Year,65.94467684059866,-105.93095566475336,4,5,0
24,47,Male,Month-to-Month,98.50165438370568,1766.7168506481628,1,8,1
25,55,Male,Month-to-Month,109.20846889402344,288.0214237749275,4,3,0
26,19,Female,One Year,115.53346865039283,866.6738353827926,2,0,1
27,38,Male,Two Year,98.6903386255295,785.377789850669,2,5,0
28,50,Male,One Year,51.54068957480128,1294.27663488536,5,4,0
29,29,Male,Month-to-Month,88.81347060865421,200.93782405812624,4,9,1
30,39,Female,Month-to-Month,63.760312405539196,1231.0863330409713,3,5,0
31,61,Female,One Year,45.467062204605114,2012.1548116434262,5,2,0
32,42,Male,Two Year,104.08715794259226,318.4129977035948,2,1,0
33,66,Female,Two Year,23.8426348962325,1094.853083805198,4,5,1
34,44,Male,Month-to-Month,110.17619921354235,669.0089111016955,5,0,1
35,59,Male,Month-to-Month,66.1477464624734,1212.9436030965178,4,6,0
36,45,Male,Two Year,83.72014768082803,1009.573888707876,2,6,0
37,33,Male,One Year,85.93539222057827,679.2565454778452,5,9,0
38,32,Female,Month-to-Month,109.51177407065364,1243.936142435537,2,6,1
39,64,Female,Month-to-Month,83.66696821672073,1902.1740548933717,1,9,1
40,68,Female,Two Year,81.39335847600617,904.5481041363506,2,0,0
41,61,Male,One Year,26.665204056068994,1359.878971074091,4,3,1
42,72,Female,Two Year,71.8408021945204,353.36352106441814,3,6,1
43,69,Male,One Year,35.016900081704165,521.7818115909956,2,8,1
44,74,Female,One Year,93.74337687214856,1236.2031389401886,3,4,1
45,20,Male,One Year,71.22219208126745,1742.0580142679823,1,1,0
46,54,Male,Month-to-Month,88.02277792083532,1177.80667439283,5,6,1
47,68,Male,Two Year,24.16729006023843,843.4709847384229,5,9,1
48,24,Female,Two Year,28.47920160458032,999.645702711677,3,0,0
49,38,Female,One Year,91.63233880626822,374.7961330151412,5,6,0
50,26,Female,Month-to-Month,27.208433599867337,1302.2576631776833,2,5,1
51,56,Female,Month-to-Month,27.12567277652586,1441.1665311617046,3,6,1
52,35,Male,Two Year,21.210847523488745,773.9548335834598,4,9,0
53,21,Female,Month-to-Month,115.65013982994802,764.9789261202493,2,2,0
54,42,Female,Month-to-Month,93.75083594590069,1132.9391148260243,2,2,0
55,31,Male,One Year,55.32514085020642,781.6401319797022,2,6,1
56,67,Male,Month-to-Month,49.653558128765525,966.9336926870888,4,1,1
57,26,Male,One Year,54.97032297458495,2049.8608945832575,1,0,0
58,43,Female,Two Year,97.46535311811819,876.4871496270017,5,8,1
59,70,Male,Month-to-Month,86.13706110704143,820.8299239893889,3,8,0
60,19,Male,Two Year,38.51955678674679,676.2290971824204,1,6,1
61,37,Male,Two Year,37.41093353340844,1372.0959857499683,3,6,0
62,45,Female,Month-to-Month,29.839564971339733,909.3879133909485,5,2,0
63,64,Male,Month-to-Month,86.03027197013381,675.313480839287,4,9,1
64,24,Female,Two Year,96.43726622217359,1660.652016136506,2,1,1
65,61,Female,Month-to-Month,46.5046428325004,1709.8015022568186,2,6,1
66,25,Male,One Year,22.09449610309128,699.7882171306474,4,8,1
67,64,Male,One Year,28.217166747642736,66.73002431969189,1,0,1
68,52,Female,Month-to-Month,116.78600348450304,1503.756844918461,1,3,1
69,31,Male,Two Year,49.54447774774202,657.685087119998,3,5,0
70,34,Male,Month-to-Month,96.92231478381336,1395.3127995813843,4,6,1
71,53,Female,Month-to-Month,82.46635688542638,14.948091144082241,1,9,0
72,67,Female,Two Year,58.19396396528959,1446.2986691496546,4,6,0
73,57,Male,Two Year,40.568726219555515,394.41403535960944,5,9,1
74,21,Female,One Year,32.138641815940645,1365.3820595332622,2,1,0
75,19,Male,Two Year,81.50129680388666,1007.1365339182171,2,3,0
76,23,Male,One Year,97.4633780637788,523.0302903016775,2,4,1
77,71,Male,Two Year,84.39042535411306,796.4818435366097,4,0,1
78,59,Female,Month-to-Month,73.03021332491583,1343.1592284783503,4,0,1
79,21,Male,One Year,24.195122343163625,1052.9472265576171,3,9,0
80,71,Male,One Year,116.84887775943838,1292.2064902362422,2,2,1
81,46,Male,One Year,99.87141916545745,1988.2202922577428,3,9,1
82,35,Female,Month-to-Month,49.28220367009648,217.87919414447435,2,2,1
83,43,Female,Month-to-Month,117.99703293588506,1808.606287484312,3,7,1
84,61,Female,Month-to-Month,80.18815896363222,1052.1779687616065,3,8,0
85,51,Female,Month-to-Month,78.24226582072464,550.6079758384359,5,0,1
86,27,Female,Month-to-Month,94.8073179429532,334.84318713050504,3,1,0
87,53,Male,One Year,101.17697880901376,905.4398046114833,4,9,1
88,31,Female,Month-to-Month,85.64786073315027,1460.8250559622297,3,1,0
89,48,Female,One Year,32.80957463662,936.225439811233,2,3,0
90,65,Female,Month-to-Month,53.82675059944984,1755.5774651236738,3,1,0
91,32,Male,Two Year,112.80836403260497,274.4121549742206,1,6,1
92,25,Female,One Year,42.46156118438519,993.9555260769728,2,8,0
93,31,Female,Two Year,57.21670238375133,373.80327779344043,1,6,1
94,40,Male,One Year,63.2076882944196,1181.815941312484,2,5,1
95,74,Female,Two Year,63.940498969445215,1443.4436950486502,4,9,1
96,57,Male,Month-to-Month,81.29395824945254,789.6191031594733,4,0,1
97,38,Male,Month-to-Month,114.30758377447076,-302.1069283135671,4,9,1
98,33,Male,Month-to-Month,44.06927118325049,1099.4740733982474,1,8,0
99,62,Male,One Year,32.150137630091805,1218.3692758667548,5,4,1
100,35,Male,Two Year,39.74704898599373,1202.1473774808487,2,4,0
101,64,Female,Month-to-Month,108.69249002092695,1617.8910959110772,4,5,0
102,70,Male,Two Year,84.5810812655206,464.4731601754755,2,8,0
103,41,Male,Two Year,48.590678923916016,1340.1080527252248,1,7,0
104,43,Female,Month-to-Month,101.59469389686173,1596.2537562389875,5,7,0
105,42,Male,Month-to-Month,106.1369996363436,110.70620799674157,1,7,0
106,62,Female,Two Year,104.6514338690278,1159.8259129594885,2,0,0
107,58,Female,Month-to-Month,111.89265336395545,747.9100844961642,5,0,1
108,46,Female,Month-to-Month,45.22410201733616,959.238663449177,5,7,0
109,32,Male,Month-to-Month,95.50419287462783,1173.8382417691682,1,4,1
110,62,Male,One Year,66.053949727414,756.3857179432239,4,8,0
111,18,Male,Two Year,104.19985528900615,662.1459604191941,2,1,0
112,42,Female,Two Year,92.84906771616131,1017.0762087440123,3,8,0
113,24,Male,One Year,97.64474464997247,456.3770305685987,3,7,0
114,26,Male,Two Year,85.61618376810715,457.0874355574073,1,8,1
115,41,Male,Month-to-Month,37.74287694697068,1339.6866414782517,2,3,1
116,18,Female,Two Year,74.50269188969384,425.602982420672,2,0,1
117,61,Female,Month-to-Month,118.46697395245081,1333.156250454606,1,0,0
118,25,Male,One Year,113.73880664971189,1231.2956464269755,2,4,0
119,41,Male,Month-to-Month,24.31737357970117,137.09663560470165,4,1,0
120,28,Male,Two Year,36.481481572943714,661.2176738321725,1,7,1
121,68,Male,Two Year,33.17287734545619,1597.0547015236862,4,9,0
122,34,Female,Two Year,92.59799099852955,509.41723443015917,2,4,1
123,25,Female,One Year,101.77853298569451,767.7978688453062,1,4,1
124,52,Female,One Year,41.35113663106719,1231.0304466259481,2,1,0
125,52,Female,Two Year,70.5852692951829,1391.6952546412977,1,6,0
126,50,Male,Month-to-Month,104.07030280112,874.2305569777521,2,7,1
127,22,Male,One Year,93.28015447662506,701.2449026541792,4,9,1
128,59,Male,Two Year,74.22372054918483,1711.1849308492538,4,0,1
129,56,Female,Two Year,79.03476904587728,1869.4498318987894,2,1,0
130,58,Male,One Year,70.836054691628,1489.4290253908978,1,9,0
131,45,Female,One Year,49.75484513188206,1042.659071282512,3,3,0
132,24,Female,One Year,76.50219928590161,595.8671391795368,4,4,0
133,26,Male,Month-to-Month,88.88853020500906,584.7777967217173,4,1,0
134,25,Male,Month-to-Month,107.33229158608077,1261.2570526328786,3,0,0
135,29,Male,Two Year,83.62913539792481,1209.1991104443418,2,8,1
136,51,Female,One Year,96.1121537043158,1700.7992964732148,1,0,1
137,50,Male,Month-to-Month,36.0071634954573,1325.2250462680695,2,3,1
138,65,Female,One Year,66.15574744197899,248.459849120091,5,1,0
139,72,Male,Two Year,20.93316198270933,1525.9738088614592,4,3,1
140,40,Female,Month-to-Month,44.66788645216231,500.9696863427935,5,7,0
141,41,Female,Month-to-Month,92.64617151130048,808.0143640238242,4,7,0
142,54,Male,Month-to-Month,119.18099513493634,1125.1001031258472,4,8,1
143,52,Female,Two Year,29.91780995872159,1997.8337448919822,5,4,0
144,61,Female,One Year,60.14943158612883,2554.9592780026805,5,6,1
145,57,Male,Month-to-Month,100.00709686991596,1303.3615295680913,2,2,1
146,39,Female,Two Year,40.403563462889885,908.401690639806,5,9,0
147,44,Male,One Year,75.50849493022862,1267.252824240275,2,3,1
148,52,Female,Two Year,93.30712960296748,1443.827712936918,2,9,1
149,18,Male,One Year,81.5985450260179,839.6661872214041,2,8,1
150,52,Male,Two Year,38.80247346154161,1897.6056779561611,4,9,1
151,54,Female,One Year,55.538456868573945,1115.035379595701,4,9,0
152,64,Female,Month-to-Month,98.37917844853972,1248.8715445456971,5,0,1
153,31,Female,One Year,75.42265141320166,1332.9621260272306,4,1,1
154,20,Female,Two Year,20.522961354291272,1210.793305307228,5,4,1
155,18,Female,Two Year,96.09907600280938,1419.4702502348061,4,2,0
156,22,Male,One Year,23.531135494023907,691.3734067265384,1,1,1
157,43,Female,Month-to-Month,94.57337827312321,720.8491230269847,1,0,0
158,72,Male,Month-to-Month,40.24805601652374,449.92288351415255,5,9,1
159,31,Male,One Year,115.80734801193802,1219.7506153101133,4,2,1
160,56,Female,One Year,56.79407513020845,1389.468251756057,4,0,1
161,44,Male,Two Year,52.69316163380791,1228.886433075943,2,0,0
162,26,Male,Month-to-Month,34.888805033244466,1837.2462166737687,3,0,0
163,32,Male,One Year,50.560421549021484,997.2019905854768,5,7,0
164,32,Male,Month-to-Month,107.66507618282006,1334.3708277962564,3,2,0
165,43,Female,One Year,119.63343376272474,454.1495619303429,3,0,0
166,59,Male,One Year,56.83095305068483,806.4501487627995,5,6,0
167,30,Female,Month-to-Month,64.86106309545426,1347.7688787828888,4,9,1
168,68,Female,One Year,92.2070938202737,1424.5510553715721,5,2,0
169,49,Male,One Year,108.61957804650746,853.0165261679089,3,7,1
170,56,Female,Two Year,79.30443341867841,964.2003740709666,4,3,0
171,66,Female,One Year,59.15256981778293,241.06312665959524,1,3,0
172,69,Female,One Year,61.262184084862376,821.4853995966953,5,4,0
173,49,Male,One Year,89.56181464968068,1445.191581759893,5,5,1
174,21,Female,Two Year,20.321826360427867,1287.6025080532831,4,6,0
175,47,Female,Month-to-Month,81.95893374598407,1250.3328606906048,1,3,0
176,54,Female,Two Year,55.54930104413574,1024.88684359048,1,7,1
177,40,Male,Two Year,99.41973312770843,1003.5315793140883,4,5,1
178,56,Female,Month-to-Month,29.299063982313214,669.8394302632764,2,0,1
179,62,Male,Two Year,78.82022669483905,1349.4142101012674,5,0,1
180,32,Male,Month-to-Month,68.09728898861238,1210.486472194695,5,8,0
181,60,Male,Two Year,84.23255259052274,1246.0094239963996,3,9,1
182,46,Male,Month-to-Month,26.485359448296833,736.9825786662097,4,5,0
183,53,Male,One Year,77.99837874281313,-76.67145993562212,3,9,0
184,30,Male,Two Year,76.14845879595237,1548.5763558768479,3,7,1
185,49,Female,Two Year,76.0660094416171,760.5812719957979,1,6,0
186,24,Male,Two Year,80.34876665964548,568.6121179784398,5,5,1
187,68,Female,Two Year,87.64679372263622,1346.7394559569968,3,3,0
188,39,Female,One Year,100.49889996807697,803.9936800404353,1,6,1
189,45,Male,Two Year,46.98207201282143,1529.968192023311,4,8,1
190,19,Female,One Year,102.5049410180062,1308.5029747883486,3,9,1
191,59,Female,One Year,69.82556822634535,1341.784661600239,5,9,1
192,62,Female,One Year,27.70582791343312,317.02214439973284,3,6,1
193,74,Female,One Year,25.85509292439792,1605.9719926932003,4,0,1
194,70,Male,Month-to-Month,53.42383186960608,1130.6252656169281,3,9,0
195,23,Female,Month-to-Month,98.48969771114676,815.3614303768984,5,8,0
196,45,Male,Two Year,90.76809347409157,1071.6942336711256,1,3,0
197,45,Female,Month-to-Month,98.86149646724064,111.88238355084002,5,2,1
198,61,Female,Month-to-Month,71.72690564416094,1204.3264057403353,1,3,0
199,61,Male,Two Year,64.01989979554907,485.31424590896427,2,3,1
200,37,Female,Two Year,34.745252670628396,323.6648570782328,5,9,0
201,47,Female,Two Year,52.81927536093116,238.8204068910544,5,1,0
202,28,Female,Month-to-Month,63.40193661738753,1556.3441874949626,4,0,1
203,72,Male,Month-to-Month,28.860042967961725,685.3683031536057,3,9,0
204,45,Female,Two Year,42.06119527112112,1766.8638549582497,1,0,0
205,42,Male,One Year,79.82252940637389,732.0992684738511,1,7,0
206,56,Female,Two Year,93.56631142391899,146.32102120352658,4,1,1
207,50,Male,One Year,119.83475113929497,441.7377800256704,4,9,0
208,18,Male,One Year,113.31133313435576,1617.9058100034695,3,4,1
209,74,Female,Two Year,84.25651995351916,922.0509110316663,3,3,0
210,44,Female,Two Year,62.1248053294072,725.8563517546995,5,7,0
211,74,Male,Two Year,83.61773647082327,1080.0091129263938,2,1,0
212,69,Male,Month-to-Month,98.56516180802319,1250.8913680837725,3,9,0
213,30,Female,One Year,31.833619092338733,1558.6994079512306,4,8,1
214,58,Male,Month-to-Month,60.99048896962883,1724.2496149464632,3,6,0
215,20,Female,Month-to-Month,103.98022856356172,820.1156771054572,1,6,1
216,56,Female,Two Year,58.3832951933044,336.9761569589808,2,0,1
217,23,Female,Month-to-Month,77.18722712271865,793.267419438362,5,1,0
218,25,Female,Two Year,78.77693608621982,1130.140253291443,1,3,0
219,44,Male,One Year,38.447625313363936,518.1205368946946,1,3,1
220,26,Female,Two Year,56.22354416522884,521.4245425524786,2,2,1
221,54,Male,Month-to-Month,53.451128874193216,1171.8939407749426,5,6,0
222,50,Female,Month-to-Month,22.61967085320648,975.6738242147744,4,7,0
223,68,Male,Two Year,22.419176389135526,1016.3984977057933,5,1,0
224,59,Female,Two Year,103.16970436757735,620.7523326499652,3,3,0
225,61,Male,Month-to-Month,47.30708099728124,884.7996428971163,1,2,0
226,41,Male,One Year,71.80787662388154,537.8834278658478,3,1,1
227,32,Female,One Year,49.8725573588773,1445.0992055623933,4,5,0
228,71,Female,Two Year,114.06792451153404,1517.6246673618762,3,3,0
229,49,Female,One Year,45.92967588657737,76.90606888095306,5,5,1
230,49,Female,Month-to-Month,62.96568127389351,535.244569903795,3,1,0
231,41,Male,Two Year,107.27302504846018,251.7353724549605,4,3,0
232,58,Female,Month-to-Month,104.19335667918087,674.9880327965509,4,5,1
233,69,Male,Month-to-Month,38.61014178462773,958.2810151048195,4,4,0
234,66,Male,One Year,100.26433097957104,275.17739015073494,5,2,1
235,66,Female,Two Year,65.81868867378927,539.0700934373434,4,7,0
236,69,Male,Two Year,68.29688720853552,498.02131395925073,1,6,0
237,29,Male,One Year,33.34799724159438,1103.6336646994719,4,2,0
238,56,Male,Month-to-Month,28.060151375712465,1034.6721685181253,3,5,1
239,19,Male,Month-to-Month,92.79393069737652,639.1312233313733,3,3,1
240,20,Female,Month-to-Month,69.64611523552998,1088.410436069699,3,4,1
241,66,Female,Month-to-Month,63.68507026151796,726.6599577063673,5,4,1
242,54,Female,Two Year,92.95082286523967,864.1724448369733,3,6,0
243,66,Female,Two Year,96.55128989911097,1836.7260451492684,5,4,1
244,73,Male,One Year,35.89081676693536,1670.230525895174,5,2,1
245,34,Male,One Year,81.02251494776414,350.20938153620114,4,9,1
246,66,Female,Two Year,33.535408227768556,1414.8662089395873,1,4,0
247,19,Female,Two Year,95.13750860290457,1405.698277245796,4,6,0
248,19,Female,Month-to-Month,85.69551562671396,425.86835562369083,4,4,1
249,45,Male,Month-to-Month,115.6614621083458,1409.3888218774302,5,4,1
250,71,Female,One Year,26.89580163564212,1768.9659592062765,5,8,0
251,40,Female,Two Year,25.70547211512543,438.7275968777931,3,2,1
252,54,Female,One Year,48.218707469320016,541.2485894928682,3,5,1
253,49,Male,Two Year,46.1705683735906,1508.8307334217511,4,0,1
254,50,Male,Month-to-Month,44.69787990719998,1135.747655412824,2,9,1
255,18,Male,One Year,110.62545805210367,1275.7381376197616,2,4,0
256,36,Male,One Year,44.95461998495061,1170.2946082002484,3,7,0
257,19,Male,Two Year,47.1949726128631,1195.347960464072,2,4,0
258,70,Male,Month-to-Month,95.93982624179637,336.7639358444585,3,8,1
259,61,Male,One Year,64.973984245054,1523.6588533107242,5,5,1
260,43,Male,Month-to-Month,97.67105569551812,1584.7949962138869,4,7,0
261,49,Female,One Year,26.536615756438522,885.3046279659861,1,9,0
262,23,Female,Month-to-Month,68.75711936733843,978.2615250930688,4,7,0
263,49,Male,Two Year,23.361360018328263,234.44624872213888,3,2,1
264,72,Male,One Year,26.26532034553545,1257.1273780089175,3,6,0
265,21,Female,One Year,110.64374533444109,1286.0287208570721,4,6,1
266,72,Male,Month-to-Month,33.92453711175952,968.9044915003445,3,9,1
267,28,Male,Month-to-Month,73.24206822752171,1562.1766799352513,2,5,0
268,73,Male,One Year,61.10956026007065,832.9613845100298,2,6,0
269,34,Female,Two Year,54.73433262588427,1282.3029629468,3,1,1
270,55,Female,Month-to-Month,109.98333456872724,490.1678306539422,3,8,0
271,41,Female,Month-to-Month,22.18233967754895,988.2239245628809,2,9,0
272,22,Female,Month-to-Month,86.37896861755891,912.8228710485821,3,9,1
273,69,Female,One Year,116.33944342135504,1112.653961020471,3,0,1
274,51,Male,One Year,76.0168183461842,815.2365355833207,4,0,1
275,23,Female,One Year,113.68224620330918,934.2637021641661,1,2,1
276,39,Male,One Year,25.225787928602376,1413.023585720753,2,2,1
277,28,Male,Two Year,61.87933190741614,781.6178813808913,4,0,0
278,65,Female,Two Year,46.015779096205115,196.71144963066035,1,6,1
279,33,Female,One Year,93.08209649807299,1874.7919521027102,3,3,1
280,50,Male,Two Year,118.12970904972467,1690.7270393452432,3,9,1
281,26,Male,Month-to-Month,45.65300624442478,353.8686524471907,4,1,0
282,23,Male,Month-to-Month,85.41746014740745,1344.8539026225972,3,9,1
283,33,Female,Month-to-Month,39.809763275974014,748.5126147243284,5,4,1
284,46,Female,One Year,76.53302545716099,1131.74360766553,4,5,1
285,20,Female,Month-to-Month,66.39324866883362,1147.112064506747,1,8,0
286,37,Female,Two Year,117.2005329631537,882.796099841839,4,3,1
287,53,Female,One Year,80.85272726964666,608.1171672068017,2,1,1
288,36,Male,Two Year,54.950637208681876,654.7294738418702,4,4,1
289,43,Female,Month-to-Month,31.409578488793336,541.9040422593788,3,2,0
290,20,Male,Month-to-Month,35.124682873493455,584.0888958847777,3,1,0
291,36,Male,Month-to-Month,42.53169299512351,966.4108549753224,5,0,0
292,37,Male,One Year,45.0966661340298,642.1200054446241,5,9,0
293,49,Female,Two Year,105.06160578411378,1341.02603285631,5,1,1
294,24,Female,One Year,76.12227882825249,1743.6230776679636,1,5,1
295,69,Female,One Year,72.33909113743664,709.9733793149785,5,7,0
296,58,Male,Month-to-Month,31.476887186921747,1119.7022502676884,1,2,0
297,50,Male,One Year,106.0139693349435,1249.842555151467,5,8,1
298,57,Male,One Year,92.28143032084837,1236.0011354596372,1,8,1
299,56,Male,Month-to-Month,26.76683619000016,1037.9776339580437,4,1,0
300,35,Male,One Year,90.78350972297687,1371.3412091798612,4,7,0
301,57,Male,Month-to-Month,74.35382173426461,1241.1244763403286,3,9,0
302,18,Female,Month-to-Month,28.172534574677826,381.16878883635104,1,4,0
303,28,Female,Month-to-Month,65.83006415286565,1434.5780321946365,2,3,1
304,45,Female,Month-to-Month,68.4696287130047,1443.645418633371,3,9,0
305,74,Female,One Year,36.57745401632758,618.3569479107092,4,4,0
306,42,Male,Month-to-Month,114.56981470002823,1018.968917723801,1,3,1
307,67,Male,Month-to-Month,104.99753714806619,1341.6644964055347,5,7,1
308,40,Female,One Year,86.90223373291083,895.3430902103192,2,3,1
309,48,Male,One Year,66.22955610006072,1536.4890238830058,4,9,1
310,47,Female,Two Year,61.17655415845085,2181.9362473096803,3,5,1
311,59,Female,One Year,85.09734671509541,607.0069836825088,1,1,0
312,52,Female,One Year,74.54318694069055,309.47769842311254,2,4,0
313,24,Male,Two Year,26.227310588188562,1151.9092978024378,1,5,0
314,33,Female,One Year,71.25026487703317,1360.7812525630718,5,4,1
315,43,Female,One Year,100.64036172328395,884.5668130776155,3,1,0
316,65,Female,One Year,65.9239877596958,1726.6303316605172,1,6,1
317,74,Male,One Year,25.195657755426843,330.6971001383756,4,3,0
318,69,Male,Two Year,98.6278199384033,1346.4593115158054,3,7,0
319,66,Female,One Year,40.13637821359744,697.0695896205533,4,6,1
320,19,Male,One Year,45.862083488803876,1859.6889531036484,1,6,1
321,18,Male,Two Year,36.47063534322959,1996.257676584059,3,8,0
322,65,Male,Month-to-Month,53.02150648714976,616.6717061083261,4,0,0
323,29,Male,Two Year,95.6751505688635,725.2214320457099,5,9,0
324,22,Male,Month-to-Month,71.93858595039373,1429.793943489901,5,5,0
325,54,Male,Two Year,40.488127415071254,806.4346751052427,1,5,0
326,49,Male,Two Year,107.78300781520409,977.2943910338809,3,5,1
327,72,Male,One Year,107.95818549515292,1012.6942102712051,2,5,1
328,26,Male,Month-to-Month,107.05784250460069,40.16342190117189,3,9,1
329,58,Male,One Year,43.87962113815393,993.0811269528814,5,6,1
330,52,Female,Month-to-Month,65.12393441809881,655.136112967913,4,9,0
331,36,Female,Two Year,118.49896561408751,753.438588800114,2,5,0
332,65,Male,Two Year,97.20124763099903,1721.816001734407,1,0,1
333,33,Female,Month-to-Month,22.71674212255598,371.7465528603718,2,2,0
334,20,Female,One Year,26.520459126049204,1406.6025933739886,1,1,1
335,37,Male,One Year,66.39313768123327,860.5185348340957,2,5,0
336,41,Male,One Year,110.92202058615601,860.1199157520828,1,7,0
337,71,Male,One Year,73.87017979527143,1395.1859480258556,1,2,0
338,73,Female,Two Year,69.78125080342903,1170.0256472844453,2,9,1
339,50,Female,Two Year,30.547369995663058,1285.3064986097654,2,7,1
340,41,Male,Two Year,85.6780104724294,1484.0923302664305,1,7,1
341,69,Male,Two Year,102.21031606002255,834.3458084083386,5,4,1
342,28,Male,Two Year,58.04200075075623,693.8816327461249,2,7,0
343,66,Female,One Year,97.56118509253275,457.424736721101,3,5,0
344,25,Female,One Year,116.44766539008116,587.2947350105223,4,4,0
345,53,Female,One Year,40.37664591276891,2474.5472126543627,1,8,0
346,55,Female,One Year,72.33296311947413,1622.3397903683933,1,6,1
347,57,Male,Two Year,48.713795808457554,324.46281689598936,4,7,0
348,37,Male,Two Year,99.28544190338394,338.77102162821495,5,0,0
349,52,Male,Two Year,77.75933658811576,1240.9330308592457,4,1,0
350,65,Male,Month-to-Month,83.45824175503037,1273.6323986889834,2,7,1
351,42,Female,One Year,99.79141596158941,1274.441917658682,4,8,1
352,52,Female,One Year,59.59704726624549,872.5221032231511,1,3,1
353,42,Male,Two Year,111.50900684070432,937.2728699985499,4,9,0
354,46,Male,One Year,73.302886724614,1163.9397620796788,3,9,1
355,35,Female,One Year,35.7954822835348,1042.9465031466652,2,8,0
356,63,Male,Two Year,89.58991181688025,-109.65018637376761,4,3,0
357,35,Female,Month-to-Month,99.32613504382545,885.1001847124031,1,9,0
358,19,Male,Month-to-Month,51.676167706752665,574.2967828698431,2,9,1
359,71,Male,Month-to-Month,105.7179256998753,1087.605709454256,1,9,1
360,52,Male,Two Year,110.61432547657664,2492.629501301705,5,8,0
361,33,Male,One Year,47.6904487377809,1183.7408327371522,3,6,0
362,58,Male,Two Year,118.3521472715222,843.235156913801,5,1,1
363,53,Male,Two Year,34.071152804875844,1460.900750988626,3,8,1
364,50,Male,One Year,40.201566840249,1241.3439436046065,4,3,1
365,21,Female,Month-to-Month,38.422483923802616,1210.0472452259207,2,7,0
366,50,Female,Month-to-Month,109.39897100078704,1303.4252966078354,4,6,0
367,31,Female,Two Year,85.42925523249619,2028.2717824147708,3,6,0
368,38,Female,Month-to-Month,35.21042832222729,434.55578233704216,3,7,1
369,65,Female,Two Year,64.03234183683489,1236.8160384057273,3,0,1
370,37,Male,Two Year,81.5298025069802,536.8094350092308,1,4,1
371,73,Male,One Year,28.34640849893833,1277.7563231711242,2,1,0
372,25,Female,One Year,108.24163684073388,540.6567442569528,4,1,0
373,24,Male,One Year,100.36035354415351,791.3165931974578,4,0,1
374,20,Female,Two Year,70.52067735766383,852.4550428810469,5,4,0
375,34,Female,One Year,116.71266152591704,1487.9083596723544,3,1,1
376,50,Male,Month-to-Month,61.77609792750997,1459.227221971207,3,3,0
377,65,Male,Month-to-Month,118.41103190364979,377.1413117768078,3,2,1
378,29,Male,Two Year,86.79199988036271,1027.4670554999243,4,2,0
379,68,Female,Two Year,83.46712732539415,645.2100726254137,5,1,0
380,39,Male,One Year,36.5954895295785,370.74754466233276,1,5,1
381,72,Female,Two Year,108.1927758304644,891.4914747878148,2,1,1
382,39,Female,Two Year,62.74896879206152,845.7586057720902,1,7,1
383,63,Female,Month-to-Month,36.223340578247935,2213.358243172761,4,7,1
384,47,Male,Month-to-Month,21.260751997575905,1216.4799126803482,3,4,1
385,55,Male,One Year,75.97556836383825,311.1912496228814,2,9,0
386,55,Female,Two Year,72.73996221226764,717.6129979145289,4,6,1
387,62,Male,Two Year,91.93536223691585,1510.6916477146992,4,3,1
388,68,Male,Month-to-Month,109.02580530178021,2044.2213864349626,4,0,1
389,71,Male,Two Year,27.940658464302953,207.0083438810209,2,1,0
390,25,Female,Month-to-Month,93.14964903403623,60.03780743047753,2,9,1
391,44,Female,One Year,38.74119440975822,1935.482587685891,5,9,1
392,44,Male,Month-to-Month,105.8177053157164,1194.8070886854518,5,3,1
393,51,Female,Two Year,101.90635138616561,565.8536340618168,1,0,0
394,38,Male,One Year,74.07937549855444,1267.3145430612176,2,7,0
395,47,Male,Month-to-Month,91.02427986233116,-317.87386950843893,2,8,1
396,50,Male,Month-to-Month,51.43501131837484,1001.6877532985804,2,3,0
397,45,Male,One Year,67.11678989328146,1163.9105864215426,5,9,1
398,64,Female,One Year,102.16368977104716,1462.135069768915,4,2,0
399,50,Female,Month-to-Month,65.92651971732138,493.05202385373116,3,1,1
400,22,Female,Two Year,55.77982653254418,1042.8435807016795,5,4,0
401,65,Male,Month-to-Month,69.42124472503,537.2876869702063,2,2,1
402,36,Male,One Year,102.82492524372184,1127.6918778371585,5,9,1
403,21,Male,Month-to-Month,53.520804737087275,552.3268388184879,1,6,0
404,52,Female,One Year,37.37615931357438,795.9495804198897,2,5,1
405,66,Male,One Year,91.20140203307808,502.09230260488545,1,0,1
406,34,Female,Two Year,102.59782127080818,1325.5681209118286,2,7,1
407,61,Female,One Year,30.063747852353334,1429.2255583283327,5,1,1
408,45,Female,One Year,43.98741127559447,882.6897150212931,4,4,0
409,47,Female,Two Year,34.197198976099386,1019.1189974800142,3,8,1
410,46,Female,One Year,54.79414115821666,275.7042926832279,1,7,0
411,63,Female,Two Year,65.03509789054127,850.1616759966065,5,1,0
412,70,Male,Two Year,94.88263369633064,974.8976914791276,4,8,0
413,23,Male,One Year,85.11475848816741,2310.3965455149873,5,4,0
414,52,Female,One Year,82.09285674784311,444.0164871129182,1,9,1
415,58,Female,Month-to-Month,55.23749466096544,1732.0886193762187,3,5,1
416,54,Male,Two Year,104.144755308476,1498.429386732904,5,2,0
417,41,Female,Month-to-Month,67.12871673981645,1140.3182022450683,2,2,1
418,46,Female,One Year,117.91049380151546,1879.3102420975667,4,9,0
419,66,Male,Month-to-Month,83.41421382957368,1186.0527363034314,5,7,1
420,63,Female,Two Year,32.62647415645027,1194.5795978339643,4,9,1
421,70,Female,Month-to-Month,87.6177562075434,973.4396734912274,2,9,1
422,48,Female,Two Year,52.5104015431699,1611.7844412093136,3,1,0
423,52,Male,One Year,88.63271966860974,1548.2346169054417,3,1,0
424,50,Male,One Year,26.964114816240574,687.1613562518937,2,4,1
425,69,Male,Two Year,37.48814371759594,340.37640270061627,4,5,0
426,38,Female,One Year,105.57372589057863,898.5096813021714,5,1,0
427,49,Female,One Year,42.71795570235149,599.9807178011768,2,4,1
428,40,Male,One Year,103.704112524294,968.2377126923225,1,6,0
429,50,Female,One Year,47.92760884544104,1618.7190673420696,4,9,1
430,20,Female,Two Year,84.28819100587077,771.349172456605,3,9,1
431,35,Female,Month-to-Month,89.4150573509831,978.5883093442126,2,7,1
432,42,Female,Month-to-Month,71.2654753145053,1029.0113674041977,3,6,0
433,59,Female,One Year,50.53106766967313,1424.2154411026422,4,7,1
434,48,Male,Month-to-Month,41.26443763710961,-123.4446669923027,3,8,1
435,71,Female,Month-to-Month,23.31893545624262,696.6498526173516,2,4,0
436,20,Male,One Year,50.39464012407238,1105.6418461397363,4,4,0
437,57,Female,One Year,85.3162790531283,1600.0394782134306,1,9,0
438,63,Male,Month-to-Month,113.83048184484826,754.0487762468974,2,3,0
439,41,Female,Two Year,107.1204482263052,61.723646979063005,5,8,1
440,67,Male,One Year,96.60647765353026,1309.855722983068,2,4,0
441,49,Female,Two Year,98.84473432532987,682.3188055871854,4,1,0
442,64,Male,Month-to-Month,86.49849034759953,405.1666704548194,2,9,0
443,39,Female,One Year,46.0286857566003,687.827305143388,1,7,0
444,40,Male,Two Year,110.71950307058299,907.7373211720752,1,6,1
445,19,Female,One Year,87.0732311905834,697.6276677308936,5,7,0
446,44,Male,Month-to-Month,76.04406309804399,-102.78302854953449,3,2,1
447,59,Male,Two Year,31.09894692134811,1448.5330984435661,4,3,0
448,19,Female,Month-to-Month,64.70555438064254,1637.437520639361,4,4,1
449,43,Female,Month-to-Month,66.03582712019264,1325.760995669753,3,5,1
450,34,Male,One Year,106.45636095226699,431.1571647875917,1,0,0
451,57,Female,Two Year,74.66482201877885,899.254233026241,1,3,1
452,50,Male,Month-to-Month,58.04005489704097,996.739342385271,2,9,0
453,26,Male,Month-to-Month,117.68003285106593,1299.397194780955,5,4,1
454,60,Male,Two Year,31.072059332631568,1334.1702443590405,5,6,1
455,71,Female,Month-to-Month,62.25484283119446,632.913100610752,5,4,1
456,65,Male,Month-to-Month,24.20246751714053,1040.9977782067801,2,0,0
457,56,Male,Two Year,93.99041207669303,1228.6402023076205,5,6,1
458,46,Female,Two Year,111.80765521991506,1727.9111610733833,3,7,0
459,59,Female,Two Year,48.003732955048946,1352.2532699123615,2,6,1
460,72,Female,Two Year,105.83416767991208,1394.5283436877594,3,3,1
461,43,Female,One Year,49.221823046189776,1041.9133139646806,2,7,1
462,52,Male,Two Year,111.07701616439152,1705.229572601752,5,4,1
463,67,Male,One Year,95.3961903596784,1204.8813979797487,3,9,1
464,42,Male,One Year,100.49067768414386,569.4560449132148,3,8,1
465,41,Male,One Year,21.80065556004545,1701.6849850625954,3,9,0
466,30,Female,Month-to-Month,116.2810357074026,1348.9516362695138,2,4,0
467,24,Male,One Year,92.66709920703232,778.4779894357589,4,0,0
468,74,Male,One Year,50.47510953861333,760.2535163003784,5,8,1
469,53,Female,Month-to-Month,102.9394664858847,1148.2877725703809,3,4,0
470,62,Male,Month-to-Month,48.152119841493,1231.5923976337924,4,5,1
471,37,Male,Month-to-Month,107.2753839566128,1098.6461328156033,5,3,0
472,18,Male,Two Year,31.2580390411937,1155.6543367214424,5,5,0
473,25,Male,Month-to-Month,90.36859774607957,1849.9786872881903,3,7,1
474,63,Male,Month-to-Month,74.06984766449104,1535.7715761174427,3,2,1
475,33,Male,One Year,29.653447019544082,1095.3177956325121,2,4,0
476,31,Female,Month-to-Month,44.1893828258839,1470.6552903837417,4,1,0
477,29,Female,Two Year,21.240403627731478,483.73804823623027,4,1,0
478,68,Male,Month-to-Month,66.87679654645058,1198.9635249734044,3,6,0
479,40,Male,Two Year,50.12652607600003,1904.6531748665552,5,9,1
480,32,Female,Month-to-Month,79.83574842977589,890.977052303813,3,9,0
481,45,Male,Month-to-Month,49.72378077086172,576.1830356904576,5,9,1
482,51,Male,Month-to-Month,49.99191115069847,673.9555557034696,5,5,1
483,19,Male,Month-to-Month,94.31931987316034,455.1834813288058,3,3,0
484,49,Female,Two Year,24.814283597835345,607.6190459361483,1,4,1
485,40,Male,Two Year,110.28949951919873,814.7459507049855,4,0,0
486,39,Female,One Year,105.22638743911814,297.21649041067894,5,6,1
487,68,Male,Two Year,86.78046832264066,1007.8091669748015,5,7,1
488,42,Female,Month-to-Month,79.32215701073844,1451.1385868933235,1,8,0
489,39,Female,One Year,109.23024981396523,546.1219099265397,2,7,1
490,39,Male,One Year,38.53301795287145,1759.6419618208843,1,4,1
491,66,Female,One Year,27.89691621908286,1255.3960442637974,1,2,0
492,69,Male,Month-to-Month,43.95101699095381,1515.2902928120286,5,9,1
493,59,Female,Two Year,99.45782787001903,671.0827230739314,4,8,1
494,23,Male,Month-to-Month,23.46702667264833,1427.2626135333078,1,5,0
495,32,Male,One Year,78.28068350834897,454.0330498023435,2,4,0
496,71,Female,Month-to-Month,119.54375161913099,1445.1237504182543,3,2,1
497,60,Male,Month-to-Month,105.56960938375394,1085.9196698967655,1,5,1
498,54,Male,Two Year,72.14456890435895,1276.625609992392,1,2,1
499,50,Female,Two Year,26.364090928664233,412.20269718757413,2,9,0
500,25,Male,One Year,103.13735143857099,552.4650788616976,4,5,1
501,70,Male,Month-to-Month,79.89785081772106,1298.6141091266923,1,3,1
502,61,Female,Month-to-Month,31.493299705956684,525.8259978878996,1,1,1
503,61,Female,Two Year,29.385728482335622,1231.6031460495615,4,7,1
504,22,Male,Month-to-Month,110.96268194365923,316.4310967698772,2,3,1
505,56,Male,Month-to-Month,86.92002629380784,1424.087106333334,1,8,1
506,21,Female,Month-to-Month,102.92867993167555,383.7383426157454,4,6,0
507,23,Female,Two Year,107.89789002822673,1276.1499688397616,1,1,0
508,62,Male,One Year,77.17723520483221,1312.8154668230004,3,3,1
509,49,Female,One Year,71.74463517550413,651.6140907852125,5,4,1
510,69,Male,Month-to-Month,63.042741032099016,1291.0132835423635,3,2,0
511,47,Male,One Year,51.69465877911193,1130.221131666778,1,8,0
512,64,Male,Two Year,63.459596085871176,730.5790719036308,2,4,0
513,52,Male,Two Year,97.38796557301563,495.72265796189595,5,1,1
514,72,Male,One Year,80.19234310151316,18.68715416371049,3,2,1
515,57,Female,One Year,109.2523289954846,1174.8250236498468,4,8,1
516,69,Female,Month-to-Month,64.33800143791876,217.5986143189724,2,6,1
517,33,Female,One Year,80.7089578718754,1047.6720997206542,3,1,0
518,30,Female,Month-to-Month,83.13075530919888,868.2758919588755,4,8,0
519,67,Male,Month-to-Month,79.16971623063256,1339.5713877190979,1,3,0
520,59,Male,Two Year,90.26337730855164,848.9772502550679,4,8,0
521,47,Male,Two Year,43.74334683748063,835.2761068264543,3,1,1
522,36,Male,Two Year,71.23637775457907,1365.9353521441478,3,9,1
523,34,Female,Two Year,30.42248028083477,1167.5290145420588,1,3,0
524,73,Male,One Year,58.45113276448126,1158.0779785913892,4,4,0
525,36,Male,Two Year,68.76670686212644,1234.6337949042631,4,1,0
526,45,Female,One Year,85.22242595454725,232.21393839644713,1,9,0
527,72,Female,Two Year,115.05310525862035,1378.394339993491,4,0,0
528,43,Female,One Year,80.06510665483559,1306.2343970068011,1,6,1
529,54,Female,Month-to-Month,94.35939161765597,491.6584357117514,2,9,1
530,43,Male,One Year,70.62660594952027,877.9597631628993,3,0,0
531,70,Male,One Year,83.41040313763312,980.3463561861844,2,7,0
532,40,Female,Two Year,27.093221613377345,932.7516077991337,5,2,0
533,26,Male,One Year,45.4391580841847,1166.9299832842673,5,9,1
534,29,Male,Month-to-Month,56.185309320513866,1715.6833909155916,5,5,1
535,70,Male,Month-to-Month,67.24933550065136,1540.8833638364144,1,6,1
536,18,Female,Two Year,24.564874550238372,343.8904032842969,4,9,0
537,18,Male,Month-to-Month,34.00240975533177,1311.0349951530243,2,0,1
538,64,Female,One Year,47.68143077913058,1664.4666597677046,2,5,0
539,51,Male,Month-to-Month,117.15326909010507,1193.4042603446014,2,6,1
540,49,Male,Two Year,53.134700710305076,1545.4902125929834,2,5,1
541,71,Male,One Year,68.20410581120825,2006.1352228503824,5,3,1
542,65,Female,Two Year,39.60977127383929,1511.8547730534906,2,0,0
543,42,Male,One Year,81.07800710757682,1124.6542978208645,4,8,0
544,57,Female,Month-to-Month,48.068321551597435,1522.5442370423766,5,3,1
545,62,Female,Two Year,40.69925784384267,1072.4439165484455,2,6,0
546,70,Female,Two Year,71.65726284459791,1011.9515216424777,1,6,0
547,18,Male,One Year,20.550579916042082,824.2928821431337,3,1,0
548,33,Male,Two Year,20.766403264922534,1781.7066794160542,3,0,0
549,56,Male,One Year,41.90688091018578,590.7856670289993,3,7,0
550,22,Male,One Year,23.672136250082115,1766.1838623390581,5,7,0
551,39,Female,One Year,30.802575413069135,1249.9320618701856,2,6,0
552,46,Female,One Year,53.88606493387516,300.3469125990292,5,7,1
553,72,Female,Month-to-Month,100.25856795798128,1183.8246464957108,4,2,0
554,20,Male,One Year,77.20486433693009,-50.013253825811944,1,1,0
555,29,Female,Two Year,71.26677259564164,1312.754008415518,1,6,1
556,43,Male,Month-to-Month,49.348882320812166,1442.6157414944955,3,7,1
557,33,Female,Two Year,113.17537194328163,703.8220221739732,3,0,1
558,68,Male,Month-to-Month,59.70150412371917,1061.773847977791,3,9,1
559,54,Male,One Year,28.70927667957715,1977.078716875143,2,8,0
560,39,Female,Month-to-Month,81.70665161178013,747.1266478690317,4,3,1
561,74,Female,Month-to-Month,31.383839347660142,470.54620647169975,4,3,1
562,46,Female,Two Year,54.52231428016921,1740.8317012312993,4,2,0
563,31,Female,Two Year,70.7411938717809,1981.2935952653975,4,5,0
564,45,Male,One Year,107.42225246851758,1001.8478359239236,3,0,0
565,22,Female,Month-to-Month,69.35465803401186,1505.7315177041783,1,5,1
566,64,Female,Month-to-Month,90.22587660316643,1670.7379577654406,3,1,0
567,66,Female,Month-to-Month,119.28168389990704,628.757883730808,4,8,1
568,47,Male,One Year,33.148911989798165,757.3470823160658,3,1,0
569,63,Male,One Year,47.473152551951955,1615.4372565773674,4,6,0
570,69,Female,One Year,59.45760755976464,1842.5071393542548,5,0,1
571,22,Male,One Year,62.18281785388314,1281.4404300871774,1,6,0
572,29,Female,One Year,61.102107526554576,560.0928232489729,5,4,0
573,33,Male,Two Year,110.76110025565549,1993.5305558497207,2,7,0
574,43,Male,Month-to-Month,91.40326444668564,734.5145510940177,3,3,0
575,43,Male,Month-to-Month,80.79052140907038,832.4311094142741,2,9,0
576,65,Male,Month-to-Month,50.93727178627821,1171.1689172448107,3,6,1
577,38,Female,Month-to-Month,102.37903842212947,1777.080210357387,5,5,1
578,56,Female,Month-to-Month,115.5060511484989,1426.9879882761118,4,4,0
579,53,Female,Month-to-Month,102.11982825502265,1207.4327501809553,4,3,1
580,50,Male,Month-to-Month,20.15651051914729,1231.6442650590532,3,6,1
581,47,Female,Month-to-Month,83.64013701834071,1021.7573343217331,4,4,1
582,54,Female,Two Year,25.11353814421007,1279.069757259253,5,4,0
583,40,Female,Month-to-Month,45.76072203337219,-264.78003884715145,4,0,0
584,27,Male,Two Year,25.952470034777168,851.6962704651008,5,1,0
585,71,Male,One Year,80.37954529493877,1120.6609674583906,2,4,1
586,22,Male,Month-to-Month,88.65899134926067,424.49295819024644,5,2,1
587,53,Female,One Year,31.448763806590513,1193.16165890578,1,1,0
588,51,Female,One Year,58.38388830449795,897.7643895069392,1,3,0
589,69,Female,One Year,65.62365089555419,1877.7378491577451,1,3,1
590,48,Male,Two Year,56.90530217609166,1786.5098626074282,3,3,1
591,27,Male,One Year,32.1025000485193,767.0972154409186,3,3,0
592,36,Female,One Year,61.89477901874754,924.5811442166523,3,2,1
593,49,Male,One Year,95.11780478084181,963.0262171958037,5,6,1
594,18,Male,Month-to-Month,27.100766453325548,774.1702619201886,3,8,1
595,73,Male,Month-to-Month,28.018001408190344,1097.5124920140634,2,4,1
596,22,Male,Two Year,55.47712918359842,620.8589655562049,1,3,1
597,62,Female,Two Year,114.1725711618925,434.69233253123684,5,1,1
598,21,Male,Month-to-Month,86.85726467229141,1311.3556119501343,1,1,1
599,33,Male,Two Year,87.86699566725648,1314.7647921109055,3,4,0
600,41,Male,Month-to-Month,56.1919990837865,597.8421201700038,5,6,0
601,33,Male,One Year,79.36607912085384,1447.6777153812998,4,9,1
602,72,Female,One Year,21.01311840277434,684.2111354173343,2,9,1
603,19,Female,Two Year,83.60960464095422,1126.5826190189905,3,8,1
604,66,Male,Month-to-Month,111.32869475762368,1410.172006306228,3,6,0
605,45,Male,Month-to-Month,81.25734683448192,983.1937176481435,2,4,0
606,49,Male,Two Year,107.3698593466345,1227.3704560705671,2,9,1
607,44,Male,Month-to-Month,92.39730554660937,741.7851780562141,4,9,0
608,37,Male,One Year,32.055841640369025,901.7667082859514,3,9,1
609,41,Male,Two Year,110.24533072858418,897.0702845598298,3,5,1
610,29,Female,Two Year,26.64438443557749,626.7108267298805,1,2,1
611,67,Male,Month-to-Month,73.39674725477639,911.6129184421089,5,4,1
612,52,Female,Two Year,34.213712379345765,225.69085056812662,5,7,1
613,50,Female,Month-to-Month,21.170661073090407,754.4231264289476,1,0,1
614,50,Male,Month-to-Month,62.2034260127639,857.5622533151645,5,0,1
615,68,Female,Month-to-Month,49.50407076541562,871.9101237523099,2,6,0
616,60,Female,Month-to-Month,68.60004937976029,879.2512770646106,5,4,1
617,54,Female,Month-to-Month,77.71998867345508,969.1179000699356,5,4,0
618,29,Female,Two Year,24.373907230894737,1239.7207590430319,1,0,1
619,20,Female,One Year,32.30032951237456,1437.2585370662614,4,8,1
620,18,Female,One Year,75.86423964504255,675.1173865758665,5,0,0
621,50,Male,Two Year,54.316735317265824,398.3995723054278,5,4,0
622,57,Female,Two Year,92.9173487549448,478.97779387844855,4,9,1
623,27,Female,One Year,85.22916485919397,756.3985394025365,1,8,0
624,60,Female,One Year,104.56043629899068,824.0393410917454,4,3,1
625,61,Male,One Year,89.24928266692253,615.0019669012713,1,7,1
626,46,Female,One Year,62.99310773901481,351.94166787505276,2,5,0
627,30,Male,One Year,87.29666223944324,771.9395862629059,1,2,0
628,29,Female,Month-to-Month,47.538117425541856,1090.7133100569856,2,3,0
629,48,Male,Two Year,50.631349877821265,1297.5147329177823,2,1,0
630,63,Male,Month-to-Month,98.89851599207933,721.2884734458394,1,0,1
631,19,Female,One Year,64.64195164015823,793.501088928283,3,7,0
632,68,Female,One Year,99.83803405183525,536.6508455763446,1,0,0
633,67,Male,One Year,102.24223736682784,984.2804148126118,5,0,0
634,52,Female,Month-to-Month,105.75623376612837,575.7856829045927,5,3,0
635,40,Male,Month-to-Month,111.66352358412072,1286.5639066206,3,9,0
636,34,Male,One Year,63.098522051329624,107.06675403294446,2,9,1
637,43,Male,Month-to-Month,51.88668183211388,820.1851637737689,3,5,1
638,25,Male,Month-to-Month,78.21987465941139,1150.553669595871,5,8,0
639,46,Male,One Year,57.117242343762754,1091.9172581612522,3,0,0
640,43,Female,Month-to-Month,80.1074166800233,2346.516831990248,1,6,1
641,27,Male,Two Year,90.55858626438246,1174.9000122839539,3,9,0
642,43,Male,Two Year,88.84050184921368,497.9727015789949,2,4,1
643,51,Female,Two Year,57.45528870201213,952.2678764554635,1,7,1
644,68,Male,Two Year,36.68602016987528,111.87683326677416,4,6,0
645,58,Female,One Year,63.05293384622075,959.7001253516196,5,3,1
646,24,Female,One Year,34.25941440819088,583.4719714996206,5,3,0
647,21,Female,One Year,109.00970351838083,1457.6951377800808,3,5,0
648,70,Male,Two Year,54.58774607378574,725.2298627022326,1,5,1
649,67,Male,Two Year,35.44597472233238,941.6170421023767,4,8,1
650,62,Male,Month-to-Month,22.544775990575086,682.2210792977983,1,4,0
651,28,Female,Month-to-Month,84.58223862864843,1869.4256759266657,5,7,1
652,46,Male,Two Year,83.69023174547432,839.3786169410441,1,4,0
653,73,Female,Two Year,54.060416658129164,1916.2785217396008,4,1,1
654,53,Male,Two Year,27.1711888847651,1407.0758810591333,3,5,1
655,42,Female,Two Year,60.9628894895232,1241.033363667693,2,8,0
656,38,Male,Month-to-Month,51.121749506339356,1184.3665736587598,1,2,0
657,74,Male,Two Year,87.71206397350093,1196.8986491081257,2,0,0
658,53,Male,Month-to-Month,80.57792494526903,36.16371032719496,5,0,1
659,27,Female,Two Year,56.459372819754,860.5583029246218,3,2,0
660,54,Female,Two Year,41.78925542549901,1422.5789855921607,3,9,0
661,26,Male,Two Year,118.80359661555919,975.5514082629472,1,4,1
662,41,Male,Month-to-Month,65.40016211961148,297.4050765982124,3,2,1
663,52,Female,Month-to-Month,88.82742357802371,973.7977747112652,1,8,0
664,66,Female,One Year,34.055296757836075,1852.0527581277456,1,7,0
665,52,Female,Two Year,68.55896996593978,1623.4458577673597,2,2,0
666,65,Male,One Year,22.75367198694655,968.9979953169841,3,8,0
667,53,Female,One Year,70.54551179104499,1475.7246385290432,1,5,1
668,35,Male,Month-to-Month,116.40174071177023,816.7464898159741,2,6,1
669,66,Female,Month-to-Month,58.420671298580025,148.06420658664058,4,3,0
670,56,Male,One Year,23.89960125749116,537.7670059352229,2,3,0
671,49,Female,Two Year,23.095579091934354,1781.4443842540988,2,1,0
672,41,Female,Month-to-Month,58.798675994686946,863.0034590853479,1,4,1
673,40,Female,Two Year,36.00249364631941,878.308010312491,5,7,0
674,49,Female,Two Year,22.33520963281859,850.0809018625597,5,6,0
675,54,Female,One Year,95.62136139501769,1952.0682947865034,5,6,1
676,29,Male,One Year,65.85230088818906,1812.9794576810316,2,5,1
677,66,Female,One Year,48.92447719726545,2109.390116724067,1,2,0
678,72,Female,One Year,110.00831830164807,920.4773947999744,3,4,0
679,30,Female,Month-to-Month,31.61389602005256,1147.8122443735476,2,0,1
680,40,Male,Month-to-Month,115.59188289553192,241.67872528960447,2,6,0
681,42,Female,One Year,51.39667173773528,1738.467213059137,1,8,0
682,52,Male,Month-to-Month,108.84036723086813,416.1102243660325,4,0,1
683,58,Female,One Year,80.29428764794616,1108.3877818813146,2,1,1
684,47,Female,Two Year,102.67073597414874,451.348736183578,4,2,1
685,34,Male,Two Year,118.40131632104642,705.566586630652,4,2,0
686,66,Female,Two Year,48.84054378187457,581.3687844751498,5,7,1
687,37,Male,One Year,116.1135485407593,696.062369662091,1,6,1
688,65,Male,Two Year,58.94818949024204,730.4386484255107,4,5,0
689,42,Female,Month-to-Month,58.55119047369223,725.8656025374614,1,9,0
690,39,Male,Two Year,54.03871042545057,1416.6669558901535,5,9,1
691,30,Female,Two Year,74.14076073475852,447.56860346874,1,3,1
692,36,Female,Two Year,35.41450431784871,1110.2707135069334,2,8,0
693,66,Male,Month-to-Month,75.37114853580113,1608.9795761527791,4,0,0
694,53,Male,One Year,74.1704812410004,743.401817743302,1,1,1
695,29,Male,Month-to-Month,96.190181260487,641.0405546261991,3,3,1
696,58,Male,One Year,103.36499619375856,884.7376874098745,1,2,0
697,36,Female,One Year,64.0441350312424,1589.862604180355,4,0,1
698,29,Female,Two Year,50.233324935149376,1097.053815476679,5,4,0
699,26,Male,One Year,45.93348973170944,734.3928526962007,5,6,1
700,24,Female,Month-to-Month,39.46238367048719,1241.93832559402,4,1,0
701,45,Female,Month-to-Month,25.76475821990249,448.85392508178836,2,4,0
702,31,Female,One Year,54.244797883471335,1340.679755221474,2,5,1
703,48,Female,Two Year,47.02476921307833,1204.3036538508838,5,6,1
704,69,Male,Two Year,116.64173858664074,846.0957644305579,5,0,0
705,36,Male,Month-to-Month,75.77088262500439,580.7071007763846,4,6,1
706,64,Female,Two Year,54.72770390305075,556.6595388582714,2,3,1
707,33,Male,One Year,78.0467600993696,1267.408668172955,5,7,1
708,70,Male,One Year,33.91967013456955,1614.490251244531,2,3,0
709,22,Male,Month-to-Month,64.40437492022029,681.3461264856026,5,5,1
710,52,Female,One Year,82.62343214210638,1229.193351775742,1,8,1
711,29,Female,Month-to-Month,68.88978317924514,-43.513509301034446,3,4,0
712,42,Female,One Year,60.177880065432426,707.6911346714003,1,3,1
713,69,Male,Month-to-Month,119.38483888996981,984.470533564549,5,7,1
714,38,Female,Two Year,108.0314762148927,545.1582915090833,3,8,0
715,53,Female,One Year,82.34059581594401,531.746812605202,3,3,0
716,70,Male,One Year,76.93773611822829,666.1102217655568,5,2,1
717,40,Female,Month-to-Month,82.0660479824584,1146.0963641631865,5,7,1
718,33,Female,Month-to-Month,40.13121078224333,906.3354907968127,2,4,0
719,74,Male,One Year,59.51377432643186,-119.11561666248599,5,1,0
720,56,Male,Month-to-Month,23.945953289089932,-60.350076317533194,4,9,1
721,62,Male,One Year,67.55460374868267,696.5674110714123,5,8,1
722,70,Female,Two Year,74.30245839576631,1228.843293026776,4,2,1
723,59,Female,Month-to-Month,42.774973610320956,-373.75242136261727,5,1,0
724,56,Female,One Year,116.40288471655137,750.1349119241847,2,0,1
725,31,Male,Two Year,110.9454610937242,736.8760717412895,4,7,0
726,48,Male,Two Year,92.21432354559059,1694.168889104224,1,2,0
727,22,Female,One Year,73.33866287653626,807.4890941435682,4,6,0
728,52,Female,Month-to-Month,106.99691596476849,1191.4944923704643,2,0,1
729,40,Male,One Year,33.06523438234629,1070.6285700437315,4,0,1
730,46,Male,Two Year,99.0509794274885,-65.28323990360036,5,8,1
731,60,Male,One Year,32.48208139668483,1384.1036083158688,5,7,0
732,28,Male,Month-to-Month,99.42106625494054,1107.6982527281439,2,2,1
733,35,Female,Two Year,47.576756825135696,1254.1343198372947,3,5,0
734,64,Male,One Year,107.7090581018189,2963.118853218163,5,2,0
735,29,Female,Month-to-Month,114.40420938253979,-42.05646974929414,1,3,0
736,26,Female,Two Year,34.87959694051156,1862.3483248805542,2,0,0
737,27,Female,Month-to-Month,66.26756050653935,856.2762402998222,4,4,0
738,61,Male,Two Year,118.09873781626851,1143.6644522015047,4,0,0
739,34,Male,One Year,68.34074359731466,977.2438773493789,1,0,1
740,55,Male,Month-to-Month,106.35475225145451,787.8818333009783,5,9,0
741,24,Male,Two Year,78.87315221313199,715.0835358806206,2,6,1
742,63,Female,Month-to-Month,57.53299079196019,1164.7543677865046,1,5,0
743,30,Male,Month-to-Month,48.57835555258702,241.4131516641604,5,1,1
744,57,Male,One Year,40.32230910860873,1375.2895837608828,2,1,1
745,59,Female,Month-to-Month,96.17981913776973,791.902797557373,4,6,1
746,26,Male,Two Year,58.65405068230279,434.9653304798211,2,0,1
747,67,Female,Two Year,71.12754622007512,774.9935710020932,3,1,0
748,44,Female,Two Year,69.23254800011819,1628.5746084312864,2,7,0
749,19,Female,Two Year,77.72790292331312,732.3324564918885,3,5,0
750,22,Female,One Year,106.55771456245522,1179.2268091048102,2,1,0
751,46,Female,Month-to-Month,118.07393435834294,634.5218621422634,3,6,1
752,54,Female,One Year,60.758420857381694,1378.9609249618097,4,3,1
753,55,Female,Month-to-Month,102.7518922106303,1342.7538693951021,5,1,1
754,36,Female,Month-to-Month,96.45277946547176,1924.3044166482057,3,5,0
755,25,Male,Month-to-Month,77.35289514555733,912.2180272503922,3,8,1
756,65,Male,One Year,115.60471436119332,1334.3274023789534,4,8,0
757,62,Male,Month-to-Month,40.04745155284028,1049.0337697694722,3,7,1
758,18,Male,One Year,30.92642103096214,1647.9358909315072,1,2,1
759,39,Female,Two Year,105.39619669554222,640.5838061956348,4,2,1
760,69,Male,Two Year,63.91498166337483,1372.5026564386405,1,1,1
761,34,Female,Month-to-Month,104.69688542070605,902.6513519416592,4,4,1
762,24,Male,One Year,109.30902051954149,967.9059114457511,3,3,0
763,42,Male,Two Year,26.245759361907144,1045.8762422241864,1,6,1
764,62,Male,One Year,108.34647629860606,1126.1201982133387,3,3,0
765,21,Female,One Year,64.83190553694222,941.885478439021,4,8,0
766,53,Male,Month-to-Month,71.04324890042322,1107.3565915852632,3,1,0
767,23,Female,Two Year,82.65925110932102,1789.0590287810924,1,5,0
768,48,Female,Month-to-Month,112.63826067300867,1492.724842807609,1,6,0
769,36,Male,Month-to-Month,21.911609442976403,1434.5772962484482,3,3,0
770,61,Male,Two Year,67.68434683178171,772.2302369880647,2,5,0
771,71,Male,Two Year,88.77220424305607,555.3795858858379,4,6,0
772,56,Female,One Year,92.27069576982285,1477.6502791188764,4,3,1
773,44,Male,Two Year,89.2532431537108,1438.0233962648972,3,7,1
774,27,Female,One Year,33.443512940812184,1736.335337875491,2,8,0
775,43,Female,One Year,49.93955883716812,698.0096870153852,1,0,0
776,36,Male,One Year,55.87155254170135,885.2256723198265,5,6,0
777,56,Male,Two Year,100.4437207679505,180.25791873728292,5,8,1
778,20,Female,Month-to-Month,47.875987241455306,803.7644469695636,3,9,1
779,62,Female,One Year,41.070496386720315,1498.2852552897236,2,4,0
780,30,Female,Month-to-Month,115.74480190380962,766.752310385901,2,1,0
781,67,Male,Month-to-Month,20.88632851134689,1320.239897600412,4,9,1
782,45,Female,Two Year,119.78208556819781,904.7484470010943,1,5,1
783,37,Male,Month-to-Month,87.68212988573956,1162.0285141107804,2,6,0
784,45,Female,Month-to-Month,102.84692994491171,426.1543050921664,5,1,0
785,25,Female,Two Year,49.46193963461931,1042.6047248169505,1,1,0
786,58,Male,One Year,21.431527766705997,-495.5679854503617,1,9,0
787,56,Female,Month-to-Month,93.78695185615301,906.5519209190076,3,9,1
788,18,Male,Two Year,103.41445970006758,184.76337814242993,2,0,1
789,20,Male,Month-to-Month,94.04761319535191,1602.997258273408,3,3,0
790,30,Female,Month-to-Month,34.28502873008386,1388.7036763822557,2,6,0
791,45,Male,One Year,95.34279222569691,1233.3354909830405,4,8,0
792,74,Male,Month-to-Month,96.8922782107641,1760.50311357969,3,2,1
793,66,Female,Two Year,85.85405156700548,525.5417395875813,3,6,0
794,42,Male,Month-to-Month,96.61159327955862,1873.681598957779,5,6,0
795,73,Male,One Year,104.59214396777321,1466.0957821301924,3,6,0
796,50,Male,One Year,81.36041142374584,881.722356390527,2,1,1
797,55,Female,Two Year,28.860471396967906,1567.810073591472,5,5,0
798,70,Male,One Year,68.7627809667211,446.85324379418284,3,1,1
799,23,Female,Month-to-Month,27.764933467160507,587.7429192361633,3,5,0
800,61,Female,One Year,60.75430310324308,695.7051383801497,4,9,0
801,62,Male,Two Year,60.71064891256276,735.5111459679924,3,2,0
802,49,Male,One Year,26.600984414024158,471.7211786198736,1,1,1
803,62,Male,One Year,54.88205339694793,1611.5415335476625,5,5,0
804,64,Female,One Year,31.099809879131485,870.5727998150842,1,1,0
805,38,Male,Two Year,100.82352100092221,1176.2524841784398,5,4,1
806,33,Male,One Year,114.76880259644707,714.8243167931597,4,1,1
807,71,Male,One Year,27.23164752579386,89.69834972574142,3,2,1
808,38,Male,Month-to-Month,115.51152072917014,1135.028679195711,3,2,0
809,28,Male,Two Year,72.25765993367452,43.87251229011156,3,5,1
810,54,Female,One Year,49.956567795387386,965.6829769572657,5,5,0
811,53,Female,Two Year,27.68620752761635,315.8424805835948,3,9,1
812,52,Male,One Year,70.06242680704179,1993.6379996154042,1,2,1
813,36,Male,One Year,99.45155444907486,1455.681361087361,3,2,1
814,37,Male,One Year,90.70864772666981,1052.8768956357403,4,0,0
815,74,Male,Month-to-Month,25.022601146397378,1631.8533388273343,1,6,0
816,35,Female,Month-to-Month,27.29018353679035,576.8420112671321,3,7,0
817,64,Male,Month-to-Month,60.28732826326371,1271.7396893350465,3,1,0
818,58,Female,Two Year,49.52904940479433,1099.9052168593566,2,3,0
819,66,Female,Two Year,43.23843230560478,1132.010040666835,5,9,0
820,31,Male,Month-to-Month,48.10044989087136,1636.1767500533838,1,6,0
821,32,Female,Two Year,100.34827432968846,1366.2460513899011,2,7,0
822,48,Female,One Year,112.92280536318539,1144.3618314125117,4,0,0
823,18,Female,One Year,60.510269452756646,172.55628188585194,5,3,1
824,70,Female,One Year,110.61110021324971,519.9768523602681,1,5,1
825,71,Male,Month-to-Month,52.1495701247882,938.6455332021379,3,2,0
826,71,Male,Two Year,67.64369863437916,1046.6861871383255,1,4,0
827,20,Female,Month-to-Month,42.60289978159997,434.89813766303814,3,9,0
828,33,Male,Two Year,84.0476042175844,2205.8383377892105,5,8,0
829,40,Male,One Year,117.89811151748088,1758.1970276267864,3,2,1
830,74,Male,Month-to-Month,80.34930960433786,1301.0591601962417,4,4,1
831,28,Male,Two Year,55.78140841135489,1036.0184306418723,3,7,0
832,29,Male,Two Year,84.78174459905284,893.8955150494241,4,5,1
833,27,Female,One Year,32.29206784653876,524.0407699888822,5,3,1
834,49,Male,Month-to-Month,108.86590802653987,1038.7402592594312,5,7,0
835,33,Male,Month-to-Month,70.30839507798363,1128.8762700713753,1,2,0
836,25,Male,Month-to-Month,64.9349742039642,379.11971225918785,4,2,0
837,55,Male,One Year,78.58647884535192,1167.0882086224487,4,3,0
838,29,Female,Month-to-Month,82.47838627894025,922.3704755876256,2,8,1
839,41,Female,One Year,27.177580622651302,46.096221061304504,2,4,0
840,45,Female,One Year,88.26172212234025,569.807494610249,2,7,1
841,70,Female,One Year,44.19316803155296,793.1972332891779,3,5,0
842,25,Male,Two Year,91.39526325065899,1943.8438286700953,2,2,1
843,45,Female,Month-to-Month,102.25347943841967,1278.276562266879,4,7,0
844,53,Male,Month-to-Month,100.39585075525203,332.2592154500543,3,8,0
845,43,Male,One Year,75.2500967407889,1243.0181447088185,5,7,1
846,25,Male,One Year,72.01698923107512,226.3480055308172,1,3,1
847,67,Male,Month-to-Month,34.28759613394117,1541.3455269435367,2,5,1
848,45,Male,One Year,97.53461504031355,764.4376740910607,5,0,0
849,45,Female,Month-to-Month,47.14093804467144,953.1819056304146,4,3,1
850,54,Female,Two Year,69.66954228179466,1662.898323771095,1,7,1
851,58,Female,One Year,48.42740929275167,356.418215707875,5,0,1
852,53,Female,Month-to-Month,33.38283629996931,301.44090744350433,1,2,1
853,44,Male,One Year,82.95576968917365,708.2003368269975,2,0,1
854,71,Female,Month-to-Month,25.43320348229038,1519.1894255096583,4,8,1
855,34,Male,Month-to-Month,94.86452341262,240.32696226157884,1,1,1
856,26,Female,One Year,51.75867952611166,-416.07779905528446,5,8,1
857,50,Male,Two Year,20.01346930044853,774.4205707955007,2,3,1
858,70,Male,Month-to-Month,71.11291392372297,1275.8703999554602,2,1,0
859,37,Female,Month-to-Month,24.685190852760314,1600.1308748694146,5,3,0
860,30,Male,Month-to-Month,47.616955782089946,768.4193189573004,5,9,1
861,45,Male,Two Year,90.69764874557161,794.2866964419989,1,5,0
862,65,Female,Two Year,26.268962162186586,1576.9503671278735,3,6,0
863,46,Male,One Year,103.93384923560023,65.12915015228975,2,2,1
864,30,Female,Two Year,20.38199226585831,805.7396124084953,1,2,1
865,63,Female,One Year,44.682386920190226,1095.2119449625288,5,9,1
866,52,Female,One Year,94.09040561520715,1224.609360642517,1,7,1
867,23,Male,Two Year,51.62701497293068,745.0966534045588,5,4,1
868,35,Male,One Year,30.189238806601352,1017.2205058529207,4,3,1
869,68,Male,Two Year,56.02339188004279,-244.1636767064947,5,6,0
870,22,Female,One Year,47.03932863845255,670.8757938330758,5,6,1
871,64,Male,Two Year,104.27119021605549,1226.7543562772337,5,8,0
872,42,Female,Two Year,51.334791758514314,508.8529828726602,3,8,1
873,19,Female,One Year,98.89324717760073,1029.4921107947987,5,4,1
874,27,Male,Month-to-Month,109.18721448107347,1223.436250401349,2,7,0
875,73,Female,One Year,63.381741957652956,828.7253995711176,2,9,1
876,47,Male,Two Year,110.9943143854392,1085.2318854982855,1,0,1
877,67,Male,Month-to-Month,57.73180539631929,518.6337173576939,3,8,0
878,62,Male,One Year,116.40784164901082,896.6943601519766,1,7,1
879,22,Male,One Year,28.928952452557294,1305.1080847946114,2,5,0
880,72,Male,One Year,88.70192665032427,1078.486480484217,2,2,1
881,73,Female,Month-to-Month,69.38140404569288,706.7343652180323,4,2,1
882,50,Female,Two Year,58.76488054556471,1112.1082021453965,5,7,0
883,71,Female,One Year,83.27118787486009,1357.304895318309,2,4,1
884,18,Male,One Year,90.38570916343312,-24.970639288738994,1,9,0
885,35,Male,One Year,20.436326965030908,1579.5370324779487,1,6,0
886,49,Male,One Year,36.69530887471987,831.872630659464,5,4,0
887,64,Female,One Year,91.30460506343186,1212.744966620115,5,7,1
888,66,Male,Two Year,86.63854135782064,1598.623461822614,4,9,1
889,28,Female,Two Year,116.60475051286772,314.16315138476705,3,9,0
890,38,Female,One Year,96.1037790250783,645.2794987862267,1,3,1
891,43,Male,Month-to-Month,115.0772707731338,855.7256520621476,5,1,1
892,42,Male,Two Year,90.25405015348069,608.1232394377859,1,2,1
893,39,Female,Month-to-Month,49.805220863944314,1867.4682879184043,5,7,0
894,44,Male,Two Year,30.536492225085645,571.6139530866036,2,6,1
895,66,Female,One Year,98.18238633449356,722.2266102565667,1,1,0
896,30,Male,Two Year,84.4149221475916,1102.1945158014885,2,5,1
897,50,Male,One Year,24.818601239329624,398.92523696195553,1,8,1
898,51,Female,Two Year,56.005046590097834,802.159644121868,3,3,0
899,58,Male,One Year,115.67998154842861,1158.7266306250876,4,8,1
900,52,Female,One Year,70.04011457102013,833.5697978087444,2,1,0
901,18,Male,One Year,63.272913601970465,953.3065705500259,5,1,1
902,38,Female,One Year,65.7699605159294,735.3339437758145,3,8,0
903,65,Female,Month-to-Month,40.88827240051637,242.76484540961656,1,6,1
904,72,Male,One Year,56.87071708647952,1160.7966056696193,2,6,1
905,23,Female,Month-to-Month,56.98132559871766,1877.4665358236207,1,0,1
906,45,Male,Month-to-Month,25.23550201874724,1009.2008153917191,1,5,0
907,34,Male,One Year,96.75676285179182,1112.6320586237748,1,6,0
908,22,Male,Month-to-Month,61.6504431903879,1346.3613775584297,4,5,0
909,48,Female,Two Year,102.21798868164232,365.33475172665044,4,5,1
910,22,Female,One Year,105.03480011198954,1851.257329064803,5,1,0
911,55,Male,Month-to-Month,41.19940546986581,1101.164398211401,2,5,0
912,20,Male,One Year,85.73534821701286,1815.9284495445545,3,3,0
913,70,Female,One Year,67.22818041629817,633.4835022380053,3,8,0
914,40,Male,One Year,108.0156737921485,1909.0309612789124,3,0,0
915,54,Male,Month-to-Month,41.57406791764541,1387.5777470173916,1,7,0
916,70,Female,Two Year,87.78132003100443,1276.5200429261793,4,4,0
917,54,Male,Two Year,80.77521222527226,1117.012227176574,2,0,0
918,27,Female,Month-to-Month,49.53014775718328,875.7356909627753,1,3,0
919,27,Male,One Year,33.66009036511726,1600.2658292369363,4,0,0
920,36,Female,Month-to-Month,85.16397604772766,1070.1799349240234,4,5,1
921,34,Male,Month-to-Month,93.85974581323308,16.46514820642392,2,1,1
922,38,Male,Month-to-Month,51.562734376335,441.40676914649885,2,4,0
923,31,Female,One Year,84.48326040223138,907.0771239036263,2,6,1
924,26,Male,Month-to-Month,59.51309076115032,1154.9994915827776,1,1,1
925,63,Female,One Year,91.32068832826177,971.7057555500521,5,5,0
926,18,Male,Month-to-Month,39.92152748940531,1609.4853948968316,2,5,0
927,68,Female,Two Year,109.02150026361744,24.449067980687573,5,4,0
928,62,Female,Month-to-Month,48.74095964655797,1071.79396825258,1,4,1
929,30,Female,Month-to-Month,56.77859877561529,91.01038730642267,5,2,0
930,21,Female,Two Year,25.80919520803498,1379.8561477420842,3,9,1
931,18,Male,One Year,31.15122123212764,952.7706427789986,5,9,0
932,66,Male,One Year,71.58619027123281,1209.804986012059,2,1,1
933,57,Female,Month-to-Month,46.75926767279715,568.058519705117,1,6,1
934,49,Female,Two Year,103.54802257421944,1639.7324658288755,2,0,0
935,51,Female,One Year,21.469338865495384,1520.8623320294257,3,5,0
936,45,Male,Month-to-Month,57.90940486719362,1291.7721515059438,2,5,1
937,48,Male,Two Year,53.73455467690927,935.2413765682796,2,2,1
938,25,Male,One Year,21.932763091760105,1289.928642647566,2,1,0
939,56,Male,One Year,32.43683990005103,646.5537160063255,4,1,0
940,43,Female,Two Year,61.36426749186353,1427.777829510356,3,8,1
941,51,Female,Two Year,69.28645844474465,1824.7404471619604,2,4,0
942,71,Female,Two Year,60.42897472548691,1535.3052799895931,2,6,1
943,71,Male,Two Year,73.09376784120938,635.1987650962952,2,4,0
944,20,Male,Month-to-Month,79.51316749056815,1180.7086586365515,1,6,0
945,67,Male,Two Year,20.992382112783563,353.42922812067616,4,3,0
946,29,Female,One Year,66.40951594535039,1286.195155587838,1,7,1
947,18,Female,One Year,116.34992408875883,1225.3017064312694,4,9,0
948,71,Male,Month-to-Month,71.90322801295487,65.0918302339179,2,9,1
949,61,Female,One Year,87.75422674589532,419.10807804381807,3,6,0
950,22,Male,One Year,51.18638579168832,858.4305516281164,5,9,1
951,47,Male,Two Year,97.39913781527625,849.5701264295869,5,4,1
952,47,Female,One Year,97.2921481876115,395.2615322905973,2,5,0
953,74,Male,Month-to-Month,72.12960476541389,1194.4893646760918,1,4,1
954,34,Female,Two Year,117.60138232792136,1125.736804470256,3,6,1
955,65,Male,Two Year,32.55502147626534,902.8654340107404,4,1,1
956,64,Female,Month-to-Month,21.6947664889581,622.1042499208186,2,4,1
957,40,Female,Two Year,97.0158211757096,1524.3535632082817,3,9,0
958,32,Female,Two Year,100.71555373648826,1827.7035565441477,3,2,0
959,54,Male,Month-to-Month,32.02072291205762,758.2192580767314,4,8,0
960,38,Male,Two Year,46.558283295860605,693.9165414225896,3,5,1
961,31,Female,Month-to-Month,21.75523633666289,1245.6038327059982,1,9,1
962,19,Female,Month-to-Month,49.33086107805647,820.9853101265069,1,2,0
963,28,Male,One Year,97.31418739186715,930.3013996683829,1,6,0
964,68,Male,One Year,71.79605277125789,1369.8265758623356,3,3,1
965,56,Male,Two Year,54.80955931682881,45.32195624635358,1,2,0
966,55,Female,Two Year,57.17392949063303,1659.1511624263346,4,7,0
967,51,Male,Month-to-Month,20.135362571546814,1036.3402621646708,3,3,1
968,55,Male,Two Year,49.98005275652359,794.2534277189098,5,0,0
969,67,Female,Month-to-Month,84.64587416379305,955.3829228892755,3,5,1
970,51,Male,Month-to-Month,117.41944438163571,981.2146775102593,4,9,0
971,35,Male,Two Year,104.70608269838995,134.39934827753734,5,0,1
972,47,Male,Month-to-Month,22.35949646455291,1747.469113726618,3,4,1
973,32,Female,One Year,109.85606046748393,1020.6628161353092,1,6,1
974,44,Female,Two Year,98.3198413298626,1221.5010652236876,2,5,1
975,68,Female,One Year,98.03761235709804,1475.7748852870213,2,1,1
976,51,Female,Two Year,65.79957590035715,489.4187712198499,1,3,0
977,69,Female,Month-to-Month,59.80052929545028,1236.7359495176142,2,1,0
978,74,Female,Two Year,50.29157288331926,866.1794545506032,2,0,0
979,55,Female,One Year,26.56948589543658,1423.385387608247,1,2,1
980,50,Male,Month-to-Month,42.82353634936991,-63.613710175747656,1,2,0
981,41,Male,Two Year,44.660363497802464,950.4528498793655,3,6,1
982,32,Female,Two Year,68.40770697102016,698.5896721080192,3,0,1
983,47,Male,Two Year,94.7444406596694,1216.1314753170777,1,8,0
984,72,Male,One Year,67.38098283979465,1235.022093684101,4,5,1
985,59,Female,One Year,25.78444494471606,646.187052588987,2,3,0
986,68,Male,Two Year,115.77898009882038,643.9130679119783,3,2,1
987,34,Male,Month-to-Month,114.27243190941122,944.6673157213353,2,2,1
988,22,Male,Month-to-Month,98.51895431484084,551.6788863423959,5,1,0
989,46,Male,One Year,119.13279015642206,1420.9918477260635,1,1,1
990,21,Male,Month-to-Month,74.4482332800263,815.3963997762769,4,9,0
991,27,Female,One Year,116.27683502532061,-453.49410966082064,5,4,1
992,73,Female,Two Year,27.560504061675076,812.588971689097,5,8,0
993,34,Female,One Year,56.568074826137135,480.72808957801385,5,1,1
994,27,Male,One Year,42.53812680067658,184.36209226952724,1,1,0
995,34,Female,Two Year,39.583308413427005,381.2866808887137,3,5,0
996,37,Male,Month-to-Month,34.080294889267606,1054.704235916485,1,9,1
997,41,Male,One Year,82.24136415659967,1664.3204141241156,3,1,0
998,22,Male,One Year,98.1321855747305,1156.59223693249,5,3,1
999,51,Male,Two Year,77.82983994203607,696.7483058921301,5,5,1
1000,23,Female,Month-to-Month,34.69627095882097,1227.9520975853513,4,4,0
